0,43085086312309;0,153379325285527;0,178813510773944;0,111412959129506;1,38872348735917;-0,318662789625276;-0,110317296328793;0,168207851529373;-1,36424584930313;0,9198172793144;-1,51813751759024;0,64153531423666;-1,02458384216257;1,69963912112104;0,456165787828581;-0,740664914926829;-1,06209148516207;0,893360166884161;0,46168266682758;-1,49115345225202;0,667930649321304;1,50439235101101;1,72025899844103;0,255499413131914;0,0792667172939226;-1,47687716941824;-1,67162617121936;-0,115496919875831;-1,31239052789975;0,844257942786309;-0,581442691079493;-0,854187757339154;-0,0112384575872043;-0,276150650176077;0,706088808046223;0,59464008747608;-0,233923745203915;0,215095832929224;-1,41811098794067;-1,28062278708916;-1,37858338452703;-1,45239669313542;0,408862881944945;1,05876731214278;1,34216982296081;-0,327274856498;-0,285819558064721;1,26981945474922;0,11493856661245;-1,29024944987654;1,71514776212789;-1,57144677388485;0,194200763546725;0,197656267532657;-0,758598307403111;0,740082286942082;0,246744101674499;1,73693787247203;-1,64442596399615;1,18902845094568;-0,323608824237646;-1,67139258228469;-0,195973826402609;-0,394880017259439;-0,175312235437836;1,14967401457892;-1,02379843400787;1,06519058284351;-0,683021892756908;1,6751494751825;1,30688260510709;0,536436456738703
0,643790789836622;0,0697192268488715;1,71913515334909;0,450999434091677;-0,582631573513441;-1,02041049791405;0,736638658907661;-1,2775581252867;0,631351703211727;-1,13412359120937;1,6002538063816;1,810343585928;0,95427914681098;-0,689066524405447;0,775250514443894;1,6219802360083;-1,2009977775912;1,79838902457045;-1,33670920256742;-0,155173739237441;0,187945903423573;-0,796935888175649;0,867412665579167;-1,39227080521125;0,565423039097187;-0,876933166093732;-0,442887277611514;-1,49344883497598;-0,985076653112459;0,47002048016224;0,282069811757717;0,259016529154218;-0,786842246711859;-0,49873276036637;-0,392687574165309;-1,55802901282837;0,316319695691182;0,619958507331504;-0,355091522435848;-0,414903058328696;-0,668913880634715;1,45505311462616;-1,11625899234816;-0,876458986182447;-1,4499578711747;-0,171911682760787;0,483532115142362;-1,17194123780999;-1,29985145124659;-0,818508284941954;0,591185213268549;-0,65120324578508;1,34211300515628;-0,210863564627403;-1,331070132741;-0,246877162105574;1,03498206784355;1,42380211844249;1,71825190156833;-1,39330224753755;1,25515228627131;0,542483653765794;1,54019403439961;-1,52627261706836;0,416482103606759;-0,346366562890467;0,909581992522011;-0,234591932940495;1,5362965563337;0,645675687154414;-0,381943299800724;0,0117192216511366
0,255524171127974;0,708346705932688;-1,41306832764995;0,356969885440227;-1,61090623469804;-0,161292007640356;-1,87714589633732;-1,18553948317682;0,26196913115898;-1,19396594918445;1,44936868183439;1,47687328711009;1,52307582296651;-0,986153509623708;0,544218386117482;1,06025918381524;-1,08886521115555;1,49799649035489;-0,992263958605612;0,519403355834522;0,528754070129213;-0,879369408720241;-0,0530683318797779;0,41365980324875;1,55973349420458;-1,51861996683606;0,330681446199161;0,523362936503164;0,545849388956745;-1,20508817884107;-1,10951814658572;-0,333387196493306;1,2021259379372;-1,34618599659439;0,509636952335383;-1,49701639542255;-0,955903369557102;-0,28363826368437;-0,794712738139066;-0,939912749223372;1,17160268296216;0,77962705142413;-0,251964630926393;0,31680542131343;0,530482888767334;1,51824390199063;-1,6483813757154;-0,744434043010435;0,531143181690831;1,2931500135103;-1,30425236746055;1,4931546425075;-0,505097229070103;0,519755483702664;0,910993989566033;-0,800954416659267;-1,17443295869502;-0,180355617745106;0,443608904389243;1,55408624529161;1,15439905931407;-0,754136319686888;-0,0850163589799706;-0,468790686507431;1,56192471055486;-0,153092118179786;-1,66110064733459;0,933413823053414;0,150582051194501;0,105386785032554;0,0803145568648632;0,841145565682411
0,34300662472724;1,56480905445796;0,972407226719242;1,36875165751383;0,996893985798362;1,25122811665513;1,50113750805974;-1,88026721363401;-1,79309117025999;-0,85947236163083;1,60882673138622;0,87848648120254;-1,82330856808028;-0,953853787764279;-1,75166328107547;-1,24734200674871;-0,61264980316691;-0,626919591277289;1,29793138883327;0,850590003208805;0,898291001579879;-0,70313147649864;-0,45180341013834;-0,0194081700933534;-1,06733171883109;-1,70710731149359;0,386847551081369;-1,24615240690263;1,21863558655901;-0,933235364031553;0,73260469610056;-1,50077055346651;-0,723461998321266;-0,502255370714869;-0,799053880135277;-0,456550465566027;1,14798193697808;1,13801932367816;-0,180819924110108;-0,80399637417722;-0,0721685286529149;0,387702888048987;1,3972191355262;0,0688747080407355;-0,746515755057092;0,644638251097207;-0,57032916139707;0,565722914519943;-0,330194843933446;1,21394737111097;-0,396189858677103;-1,15503406182876;0,413232894118358;0,835813288830906;1,53949862791787;-0,875103668354155;0,0953706950162693;-0,929426372767439;0,514841606764888;0,782759527711917;-1,05686120400627;0,82604814538233;-1,4823924046707;0,756654589293895;0,0244333377909382;1,1883555152727;-0,319293290056229;0,295457198156914;1,46171048789333;0,321397580012881;-0,778813548204459;-0,134158731322742
1,26580963695409;0,341103606047242;-0,760601606550102;-1,14569501499252;-0,279767402160344;1,19613052215291;-0,943399514054116;0,0830990690524537;0,620504395966104;1,51547898090712;0,826818456289735;-1,61836046457125;1,18083836960061;0,140892043818616;-0,1056620769932;0,225762669413249;-0,225020218542149;-1,55168689929837;1,16693995156832;0,318194926988733;-1,04050184199071;0,782325026680994;-1,38648749631041;0,84339388015454;0,124501074178367;-1,02425721824603;-1,58121884256707;-0,12515901474084;-0,722133405585587;0,873693726492431;0,845476542891749;1,07381646471534;0,239108338901005;1,43778602883247;-0,490074305404051;-1,40547066501315;0,0910540622883704;1,13360509905201;1,31704345705079;0,747865820694572;-1,37542252388808;-1,05253247014219;-1,33962040218282;-0,648020132204882;-1,50548963535711;-1,21710120714395;1,38099966559037;-1,56851696819215;-0,234503052707719;1,33081050993657;-0,949385412267767;1,4669190359696;0,988234728374437;0,809045591431004;-0,53529664780814;-1,13925608341238;0,104850408672165;0,0786078688043588;0,412407266338117;-0,878250877599794;1,1546086710345;0,864362856195725;-0,817508219047443;1,42941402498267;-0,952738255670117;1,43560534708339;-0,174865447963257;1,42565569627714;-0,991774344462817;-0,32293210566553;-1,48803208656061;0,323978037914838
-1,15936057428238;-1,17669367812804;0,0828469966725536;-1,57894587312661;0,506133127447939;0,945827099328272;0,730399926628753;-0,265024603485891;-0,701342646481014;1,66304960588071;-1,48277793913615;-0,353176752951046;0,21078479145623;1,0614744709863;-1,50626053478831;1,11237344351808;0,359022638188593;-0,94929462734648;0,183058877209992;-1,57853519941223;-0,878126273382564;0,578618643507395;1,27364688493996;-0,537818907251571;1,44334418512162;-1,06083816555126;-1,28970360135173;-1,23087339659946;0,645634361026414;1,63147158183708;1,10564817832062;-1,50344673392588;1,19482712082702;0,417227273310513;1,03098215189508;0,575265539546379;-0,861355037459594;-0,528080158849723;0,0564274648178852;0,846195611620339;1,035689145302;-0,905452933981786;1,52183615314544;1,16637466639746;0,758936023773321;1,23369791653499;-0,376226753470229;-0,314591551711402;1,34693701684307;0,403225945218021;-0,528178689633373;1,65760095150069;1,18621674596172;-1,47001162561947;-0,379739592353221;-0,0623772512553878;-0,77473859653361;-0,970168984869799;-1,34668809171383;-0,0238635957947203;0,644695811886079;0,370438434434288;0,764943002022087;-0,657212261783701;-1,03343346123383;-1,57016609400419;0,127598092756323;1,46915948468011;-1,56034256970271;-0,405924107800297;0,382893592183756;-0,703732091755607
0,739956760169719;1,09185792408188;-0,912284942565448;-1,5541630992214;0,80416100837536;-1,47204360913495;0,441009965119547;-1,36688573665285;1,06979929286513;0,771399171083685;-0,874880819747299;-1,33323269959609;0,636144056409423;1,20606527264402;-0,989775468272904;1,15506994835232;-0,763594331976357;-0,459142093853115;-0,195518508706576;-1,47045995656281;-0,741364786656495;-1,49975845644037;-1,37525372963923;-0,898892199003221;0,0572086684166608;0,656069686931402;0,677393911382396;0,810203748666719;-0,446055227335572;-0,122540085010498;-0,302606546086217;0,21829323180392;-1,56134760059357;-1,40190567874429;-0,567653006648151;-1,40375656515909;1,22718797528852;-0,366274393899589;0,956653717564799;-0,854133960638795;0,387327757883072;-1,5467941547975;0,730576377161992;1,71571581334294;-0,274979312745799;0,58860476211843;0,513660514534809;-0,442712355217306;1,20180056649624;0,800886055985193;0,742332394488177;0,681257844105706;1,60344442623676;0,333393670652893;-1,51187542280351;0,657482372278322;0,884878809389342;1,75963436475393;0,161655340678094;-1,43414152288781;-0,376410412201184;1,40383332476899;0,852196598998885;-0,389893466456139;-0,50822712716187;0,679853056764941;-1,35411794333428;0,455816890821946;0,1914854349604;-1,16825174744559;1,70090908137996;1,37570717023939
0,310246029636263;-0,951070584959231;-0,125005796331952;-0,806495481502247;-0,491871824332004;-1,33938243749696;1,09005327671007;1,18115925086187;-1,4594050684756;-0,496617192542969;1,31882668249483;0,476525640583421;0,85276815400913;0,735590789333729;0,340423336974863;-0,161395836428353;-1,49134981750941;0,497999019709789;-0,549283321528828;1,18012497139702;1,18457275035786;0,75469463538469;1,23401332617534;0,703447368469045;-0,657955856011991;-0,496259159827738;0,590386719964161;0,764180091369501;0,31345490296233;-1,54268104983734;1,07992521060627;0,734268024449308;0,818153630122515;1,08073567462037;-1,28055723557993;0,88888324057537;-1,18786489010672;0,980589316711906;-0,501852293602205;0,569587115075041;-0,998432473316257;0,640945137548475;-1,59404709735499;-1,51523354539764;-1,57758119429099;-1,27850479183042;0,426198172886603;0,426846385007792;-1,31211790820413;0,490841456430276;0,299035480077242;1,35348057425575;1,0617608038615;-1,14633393059369;-1,47102451188326;1,26000330842142;-0,480631996964721;0,875998749368854;1,5559122886796;-1,59525526198346;-0,225317243291272;-1,27376941213862;-0,731938249579656;-1,51636661611745;0,127909511020612;-1,01508393943367;1,36282392463076;1,47648439355861;0,41650542743447;1,15599201056934;-0,573173543800823;-0,767487220051467
-0,667295278995098;0,616360139588513;0,60914075980732;-1,16134579554329;0,793435515461627;1,22714768451995;0,720108052270419;-1,07804670493418;0,829058417487167;-1,57294720018274;0,49840269065941;1,63590515286308;-0,166419197371777;1,53176271069344;1,47335318902789;0,377321727500032;1,01328681174544;-0,923206373850815;-0,266981458137207;-0,406985161190379;1,20497468411157;-0,56598698777746;-0,88923497402704;-1,45188121911363;-0,263334045602635;1,74387814162749;0,0486185725764948;1,21886381822823;-1,03232952462213;0,690630869651114;-1,73884877751766;-0,844748659403625;-0,597811596689471;-0,595095976198038;0,365176099148562;-1,23438641302054;-0,0402947697800033;1,37858017655572;-1,19678242946595;0,0625954965436884;-1,5392984451378;0,995143433789147;-0,746355114519463;-0,438872454288325;-0,0675582236009388;-0,618304746888547;0,334552030188436;0,416977900863071;-0,762374894479527;-0,669322872983207;-1,1822035726974;-0,393575250690935;-0,249000628862418;1,59651391024144;-0,225870715750881;1,72669104323442;-0,244452019939013;0,31097484536638;0,929987584511402;0,877556708286198;-0,571518021611113;1,32924356849425;1,78228215414;-1,61161958571851;-1,58414555621965;-0,406895783491531;0,483669615997985;-1,32137035472831;-0,583460522009683;0,957692468493871;-1,33243063627453;1,46270596964177
-1,49403513539474;1,61257088872826;-0,59727755916584;-1,56060222391202;-1,59136981895553;1,48643757694085;0,511126265266148;-1,4090367648088;-0,308000067088155;1,57207143650051;0,289233802840258;1,57766110139277;0,176029964072252;0,551904638133314;1,33461516376885;-0,334738878241592;1,57116716543844;0,534944136718805;0,922976311519897;1,58991779185628;-1,31126979131735;-0,209440146504744;-1,11753497867663;-1,03880613007952;1,13475070530139;-0,876149882565767;-0,583743948906299;-1,42536205911767;0,805975803741498;-0,0504858133502647;-0,734991142414713;0,160516910899052;-1,0872570215375;-0,805272394373032;-0,648882959782734;0,131950101764618;0,532559259638268;-0,407186265474983;1,66259220816451;0,262833410848971;1,81816295519187;0,648281875001785;-0,507507061159229;-0,164347205098496;-0,633055762900337;-1,44838632056641;0,145542500656927;-0,201641739020042;0,245019908783244;-0,892094581896866;-0,946494767111916;0,860308843457341;-1,65479969144225;-0,976795365913115;1,1068192424667;0,672144780969119;0,950382173911707;-1,33819512257949;-0,738613159354293;1,24151983346936;0,290457832353974;0,156764630890646;-0,258272798691176;1,69922551612123;0,527338885422044;-1,65100680155197;0,885194429437094;-0,798421335047891;-0,578936095577127;-0,577058631488943;1,08944163197926;0,198629737420246
0,631652219319638;-1,29288034073038;1,51991342742239;-0,189945849292375;-1,65047097098503;0,803951323038845;1,34460713767296;0,60629195393241;0,736295340636753;1,36796234430728;0,0956416480878673;-0,267810582330896;-1,05993616923661;0,16979352314;-0,15201679830493;1,63623784655728;-0,143073749211501;0,440668115163998;0,937037686305547;-0,0972657752833677;-1,61752425135435;-1,52898928846685;1,71804890252705;-0,304028354380791;-1,04952108847355;-0,434064711495965;1,06221355325747;-0,939504688899793;-0,559341503612811;-1,01257534686751;-1,57222498954033;-1,13295074124826;-0,211658054797243;0,614392282280608;-1,91401503627417;1,21674244754142;-0,926446034856965;-0,848960311185413;0,182275046354081;1,69281995515701;-1,1080625230637;0,222407071351524;-1,64216956557456;0,477059659339064;1,61734333013182;1,57089956701542;0,606097621481727;-1,78100150450237;0,0796248091215683;0,796153225461362;0,912705495618555;0,545729912756073;0,0512145478930464;-0,958802723837454;-0,318320866808069;0,215796040878618;-1,26559812738872;-0,120903685104693;-1,08527022772669;0,528924856379651;1,48706888565009;0,339266359664879;-0,77921200936265;-0,195974779403613;0,995341866939736;-0,716253077571747;1,68917858833506;0,071002664351494;0,138963092506298;0,376571870022371;0,617838414506371;-1,23895890493396
-1,63174977431121;0,837330234608331;-0,937525552340271;-0,162987220567483;-1,76573401728785;-0,725132643461085;-0,238130223442861;-0,883125379048329;0,574939799420359;0,753201395342349;0,594346274815831;0,283990414853462;-0,241737106594191;-0,419512685056077;0,442071841702505;-1,18079078927378;-1,00957135310587;-0,430452083673171;0,420231456366984;0,791417841548467;-1,65212535145264;1,21482661168629;-1,68032124203599;0,199257317909638;-0,945993558221411;0,200303720688314;1,05646565333129;0,282988900739296;1,42553867695318;-1,37644380159199;-0,236831938685654;1,26068610613769;-1,70563599763776;0,115124747963111;0,189416627702832;0,668894001868568;1,5118318912282;1,32825029094185;0,0189790663903039;1,01636646916556;-1,81928921759706;1,3407432873158;1,37205589592344;-1,32698440811497;1,17765622737644;0,456019824100562;1,51988587877131;-0,607974657622812;0,356029042818896;0,793489388727261;-0,870780856783871;-1,38719472394483;1,38619191540237;1,23761618964937;-1,43689592355046;-1,3119045882926;0,647488823487658;0,397888927454986;-1,08715631550274;-0,431365940271272;-0,246926499087482;1,01355267352274;-0,773992258296616;0,0812209478556852;-0,880129319128661;0,868331966383033;0,119463759334555;1,17780994314759;0,925742484945986;1,30784963753883;-1,15795088279708;-0,803149846342821
1,0476725537966;0,905632853076373;0,713935254103791;-1,4149013209527;1,33058443353904;1,14071173934576;0,535522288387658;0,125375808102035;0,205186292997369;-0,202246795971544;1,41209694679538;-1,20181496793814;0,993228538843066;-0,699980233492229;1,36129932275114;-1,36686232737874;-0,311092273135586;-0,360179838753929;-1,79304484417918;-0,735242158077614;0,524843996825459;-1,37774231771479;-0,590640444507303;-1,25996231035359;0,233732183546556;-0,563974108003345;1,0501667140567;-1,51427958494558;-1,48791356304391;-1,48256918567016;-0,00214068901274927;0,56125559766738;0,0756285629051581;1,41733410568657;-0,91101421029843;-1,38034667453542;-1,33250112708212;-1,79314579027689;-1,12102965680559;0,965941372862321;1,32946646767257;0,301781810228735;0,856912129866132;1,4429207691875;1,04898173222525;-1,36440420186213;0,565160075875395;1,32758283028331;0,959175657117063;-0,334306509151363;-0,365378423859893;-0,560344325251581;1,24247948415792;1,09385598373904;0,177290661168708;0,611645384678608;-0,317496189249105;0,160128077624597;-0,165818583901909;0,0807890547096031;-1,72322446154373;0,236032386500453;-0,200480115686836;-0,126014008165249;1,28270881363856;-0,962928137704784;0,205371389754054;1,05870935375385;-1,60273551002658;0,92787651045378;1,44845372030073;-0,331715969691481
-0,816416240739462;-1,04737204767315;-0,329135665653628;-1,37276235871314;-0,504946139363458;-0,296913389111021;-0,581799390285401;0,0497642069594802;0,638724467913208;1,51983443183028;-0,751987698537111;0,61340706485018;0,651080044937428;-1,02605552952107;1,10209167938699;0,75345850690571;-0,320686145346705;0,231618908054531;0,707295547350393;0,262685615563085;0,123339327281576;0,563531673542145;1,17844393673029;-0,472354843891021;-1,08392772953235;-0,586676300123237;-1,43778148524564;0,47781657999584;0,182876987840158;1,29624274169589;1,4279183624181;-1,57114293981571;-0,0374575262271511;1,77199977684028;-1,09394858570623;1,00204458744948;0,130055864056832;0,22548752759934;-0,192984842776918;-1,36222286713383;-0,583230287110999;-1,55198862294843;1,52451499952236;-1,22286309299462;-0,334518291978819;1,25885692843329;1,29821980305353;1,02234567070018;-0,018586988839437;1,53866250115318;0,0852468404656528;0,1899993295094;-1,07808259958764;-0,0949308850144892;1,61316000046484;0,426875972677005;-0,418992097444829;-1,46030300893083;1,51798925777782;-1,52179202640845;-0,462654091033611;0,747207916677371;1,67371110607793;1,14930561317593;-1,51160611775605;-0,784366945889633;-0,952657596090897;0,685904155055759;-1,53562913098306;-1,50347509523072;-0,980119544319349;1,26065021401257
-1,50447977760213;0,452352801777571;-1,00327605984606;-0,0165862623441704;0,904225341811214;0,847057029368624;1,88346180963542;-0,739600884805803;-0,19488494206733;-0,879194523349644;-1,41906487665436;0,434558556260401;-0,568967550693288;-0,536939104250752;1,4608785004177;-1,9412274873204;-1,82063940285958;0,238223884681788;-0,319097659230598;-0,117667651100477;0,509842564191288;-0,428816234205286;0,977285662026399;0,464712364341428;-1,78993924828073;-1,56324057765931;-1,66610317418711;-1,47444779484912;0,621275008145624;-1,28117290094232;1,03343302022161;-0,243138374177159;0,986808314439906;0,649145765938924;-0,381099659120952;0,210560011743047;-1,22126365180815;-0,175964819684067;1,549024703116;0,599926712481339;-1,67524817658517;0,433832251734424;0,329949666342552;-1,78279812469839;0,196355034916296;-0,55507649347002;-0,175396581088847;0,684121246129477;-0,44855402869364;-1,30368587016861;0,525001037453718;-0,11962013411797;0,475952673588855;0,897119822169819;-1,1217483093655;0,971772155809365;1,52250283895738;0,579447275018715;-0,236246279815006;0,457866653718959;0,503560937804168;1,34831033873298;0,68655980625478;-0,923311306876582;0,134808155634955;0,871509196729002;1,4951859410267;0,829322382573995;1,89159625407641;-0,759280777076919;1,32747186369395;0,402761116030697
0,693333869889736;1,03286616207501;-0,336810468653795;-1,6208103994086;1,17175385303165;0,705336633513753;-1,45411323291832;0,759145444377969;0,626564550067954;-0,207480564084587;0,940248010158412;-0,0184210035809404;0,264019723225785;-0,687393324580178;1,20613798668703;-1,60895623159489;-0,151942697427589;0,65687312296544;0,692344150211451;0,268754231529779;-1,6344417785493;-0,741034596361595;-1,60316937784139;-0,791024242105748;1,61031099703004;-0,600548414112189;0,167447101777794;1,24421580306424;0,052480904926501;0,958599111371991;0,782880981693316;-1,41739385875028;-0,450950871443535;-1,58074559911132;1,08726510253982;1,26388482065461;-0,517456288721322;-0,983104480141429;1,55469811534141;-1,01761642112561;0,324536183153392;0,920379706721746;1,65451221887391;-0,987863231577303;-1,40349138779078;-1,01832718024113;0,820061864407429;-0,827529349360641;1,43342128407074;1,27300230775715;-0,761080578525535;-0,649278823417865;0,533894175625898;-0,750057232845098;0,351740014267931;-0,252316121955794;0,949350951709279;-1,23247081475517;-1,401784558007;0,0856176789367158;-1,14879505647117;-0,868992197550922;-0,980020048755658;1,4973022771276;0,838975292653734;0,670957280701568;-1,25415472034453;0,158080734129976;0,0546784113116361;1,77159000446405;0,73783689555807;-0,855522805493285
1,12262075244556;0,191008502350988;1,98633649402041;-0,577023903923863;-0,413649785160386;1,41241113472859;-0,934732465905942;1,13333124747887;0,586379896274426;-0,542378046440906;1,84947887861692;0,791618706267041;0,200977773859252;-0,0939423650019038;0,0420434321580631;-1,2561586033823;0,0613297942664146;-0,18890375478891;-1,24033401903931;-0,829545697085436;-1,13350727062347;-0,0560714618606645;-1,42840849254693;-0,338715740850346;0,38634925477585;-1,40170718629066;0,169696052916735;-0,0842871391788065;-1,3210661097904;-0,883944078791722;1,1386399441133;1,69668158851709;-1,01402380949711;-1,46609043119995;0,422076744935635;-1,03920283128504;-0,545011264350622;-0,458012912797595;-1,24099050596917;1,77206204501426;1,88122764000879;-0,360507653371391;1,71212904160607;1,57470264507476;-0,530149789605556;0,41382487072456;-0,0609675781358924;-0,441318597724711;-0,749646893744991;-1,42610584241338;-1,29501033899465;-1,15084050593869;1,66169162380913;0,190543213532139;-1,13986517881593;-0,384271219998834;0,0564535605928684;0,762088800565701;1,08018101586828;-0,574906033174775;-0,320248352493201;1,19310884784085;0,891433922964215;-0,0926394592389048;0,362536184013786;-1,41016614420523;0,242679081459094;0,104104770754152;1,52753506463045;-0,48171717086195;1,33240683553631;-1,04362072724104
-0,690404926540134;-1,13144269291984;-0,840968630829835;1,02518054661489;0,0667645581097741;-1,12250095857488;-1,51924593942523;1,74314827811603;0,478425522446308;-1,11517399487148;-1,06283761010744;-1,60244692431586;-1,30773183613411;0,501251875118253;-1,66990749282097;0,609564857818873;1,45544111056238;-0,927060645999576;0,714449903300144;0,510821671336779;0,288269564590347;1,12814386314823;0,311369678035577;-1,04091979851518;0,563941376202208;0,0344559865952238;-0,536242128345195;-0,856115208268801;-1,53878429850755;1,61063743468356;-0,126472001751209;1,51158190415093;-0,88694341661465;1,5275106549968;1,15329903424808;0,829698838207041;-0,877546628936994;-0,551716784941355;1,13436468394998;-0,72514769430911;0,351150636433191;0,868303700487556;0,53911520452635;-1,09525280803545;0,309830869029766;0,558915852585116;-0,683499018052764;1,41908106365657;-1,59015125093582;1,19534117065521;0,216012630222475;0,496118964937623;0,392835212798741;-1,1296791964891;0,277881233913637;-0,0489404571410892;0,326795961591858;-1,50365298083385;-1,24236497810651;-1,67129557700464;1,1833495023176;1,10647760139085;1,57832842810439;0,637396420310028;0,780906339427005;-0,804811181711093;1,05410482484607;-1,06563415858363;1,11756117341745;-0,729997998480737;-0,216492661763325;0,303553746984542
-0,142131245628823;-0,114191829600558;-1,40005398686281;1,34612982499597;-0,968705238928151;-0,147319861547071;0,571839134499429;-1,5554166588691;-0,839181003507473;-0,0355370643944912;-0,823025390489755;-0,817950997639262;-0,159373181797335;1,30337563905871;-0,43653066567184;-1,31660403334759;-0,305040973916024;-0,352650672006832;-1,05523042488329;-0,93145559973004;-0,866614448944406;1,25820588010197;0,0115060841605612;1,17002408432614;1,21553640849632;1,83011684985705;0,0439940993886322;-0,440654341345943;1,43136845377789;-1,17655821522213;-1,25754731465081;1,06471167023397;-0,142084347845037;1,84090675554347;-0,768875512671519;-0,900577654003879;-1,14429048942809;1,01293294715868;-0,489888626892377;-0,93379512694427;-0,00257235170929775;-1,10213617363955;1,24002775608467;-0,185052159743679;0,525207775880836;0,994172394035205;-0,609700954092499;1,56104499203838;1,7078800910047;0,966170766097381;1,31435786904191;0,0659680289279695;-1,08757935210284;-0,695467485568636;-0,237850538746371;0,528516714066366;1,80315592603604;-0,641224231391787;-1,42987207159757;-0,869968248988035;1,73753987886146;-0,547972012251855;-1,05793127284983;-1,22308827638257;-0,338455237840909;0,0411167790734409;1,25298719000294;-0,0714260975436403;0,511785663633001;-1,09641849976519;1,75654029587766;0,610879918722461
-1,34489145122734;1,54445124575934;0,822306577617359;-1,25699092423273;-1,4513731409049;-1,29183808670625;-0,890936491467557;-1,26965293539713;0,714431085667381;0,296276226683316;-0,268493887809225;-1,05157920443894;-0,574704442153784;0,469365606430191;0,457280228737662;-0,972710154675585;0,39151501175699;0,492728932251988;-0,765038716760997;1,20313789794012;0,717102714525983;-1,12770492525901;-0,736062907687165;-0,979850213027257;1,61352259520571;0,735267960043627;-1,33043410133129;-1,03468188932636;1,42158528021516;1,17164893114539;-0,529221076372568;1,04040609968019;0,946186938056378;-0,838472190951867;-0,135762147556767;-0,936096807242185;0,136734854041851;-0,495384162860747;0,384402017498895;1,3648462160006;-1,22219765307742;1,5718763566742;0,0885448115171061;-0,281952101239473;1,35944855253815;-1,43423873741543;1,06186587108517;0,808971318061552;1,1605286185732;0,553672426073448;1,12564061291808;1,54602472693265;1,3654878242229;-1,17182066496614;1,41027633277081;1,43587091901664;0,812883326415096;0,334525963613211;-1,21745607445348;-0,533583655963568;-1,42903481240636;-1,3238854291726;-1,03818077062733;1,19583959950695;-0,642133523975521;0,344157457495549;-0,344708697510358;-1,20386307823332;-0,862503073044447;-0,0742537910515587;0,543612436267525;-0,580731652413668
-1,68024865631475;-0,714337280722946;0,855824758197204;0,681331166107794;0,285678815391735;1,11987522239637;-0,943550433273398;1,5370986440713;1,25944400042576;-0,724757894897978;-0,785839152490759;-0,848846616300638;-1,74845925052882;-0,65453221938757;1,26110353686898;0,519440065344586;-0,844438993885234;-0,103304721636724;-0,297419311860352;1,40042901865319;-1,00847629197683;-0,794039593192713;1,25921487622145;-1,68751550149697;1,05801109076774;0,404935060134042;-1,40458221639576;-0,687534296278881;0,424379400836162;0,681127930134388;0,0306887548342045;-0,447290872531644;-1,78780636325802;0,0688860967265469;1,38119945515103;0,217682066299517;-0,713943743348123;-1,12896328064881;-0,705296468217956;1,1943563609567;-0,681540353269146;-1,44516770146183;-0,418982977994729;0,585106095863733;0,761278230200677;1,13700269367917;1,0661161859233;1,37618037677131;0,540085843595553;0,527753359073729;0,951248101296495;0,58374818689522;-1,77509987523724;0,619073086735482;-1,61840640466303;0,730711498445495;-0,356631595376869;0,744522771014454;1,24024063690758;1,49766431682522;0,725639950112414;1,36090442457301;-0,686098245444577;-1,22050141838835;0,861473911835348;1,27837228160841;-0,859857741722335;-0,200424785687834;-0,418811112971067;-0,755396018110255;-0,565433679987007;-1,51429320191614
-1,20462656906621;0,214760794572915;0,384411410188117;-1,38210797765773;1,41377148522766;-1,12719519195631;-0,812780444128595;1,73165368884767;1,10656230426433;-1,16921227105109;0,498382092009252;1,70547458453319;1,52644075273938;1,22265154424584;-0,42532344567341;-0,767777476272446;-0,0393494129967899;-1,15255664691476;-1,23434426705958;0,250524522979935;-0,727325613415812;-0,548831934301689;-1,34772303657873;-0,376487415470266;1,00146052988973;-0,990396644968642;1,51973271559529;1,26126723330616;0,293030749974164;-0,491106351209428;0,0762859722208866;-0,460032791226885;-0,677234829072188;0,796248965134758;0,0608059736009308;-0,223808605469258;-1,49030399478459;1,54130046416873;1,26764667677313;-1,02630228197453;-0,158418000913705;1,496841090184;-1,26911979450044;0,177739519792921;-0,807777385132687;-0,545271644890935;-0,940021445701672;1,59916498430968;0,0273141712070009;1,74141648811355;1,72101535306207;-1,06770238698637;-1,34730279619545;1,03923481939382;0,998303461052448;1,16067159105614;-0,288495582806228;-1,09008058829949;-0,5671022817268;0,55318871623843;-0,830461681730943;-0,257581451614091;-0,412356475084366;-0,253310758484119;0,570967982548686;-0,89256453072174;0,5317299996475;-1,12078762635326;-0,689133843312968;1,61495138561651;-1,12845289544573;0,235816348655144
-0,547247225788134;1,34749064633724;-1,26525921557984;-0,379339938953924;-0,998588882945115;0,21910701247882;-1,24611840920895;-0,290731225948884;1,48253379398328;1,45764612915782;-0,558629602105172;0,285124062871649;-0,369023278953217;-0,635685252047706;-0,855567039039321;0,0555075656752332;1,35261898950389;0,583634962748005;-1,56011746591076;1,18288537497149;0,190345124215415;-1,00358224915734;1,357941252063;-1,53058802850533;0,0197239342183724;0,655630248749268;1,18887661284644;-1,54290147476277;0,60321817968462;-1,46069449035815;0,344427881719266;0,165853808377003;0,84254876396111;-0,343434989577941;1,12828982763967;-1,00592853587011;0,509711046706524;-0,411266339585081;0,34705249943396;1,02933385564491;-1,33320927983478;1,30054272529156;0,48681792722517;-0,673404537606417;-1,30765441545582;0,857228736819033;-1,49360284807675;-0,520938052959758;-1,5545862104575;-1,24573858768386;-0,817044415559758;0,321655307832057;1,29767617970318;-0,653876179146981;1,50717405298612;-1,1591874727511;1,51523004025308;-1,35019368319482;1,12661677280654;-0,128538485715548;0,555911045611214;-1,31873943056648;0,631731240345331;1,32770578822112;-0,502304248681758;0,801197235496661;0,968255944889374;1,50009235660356;-0,238294433708541;-1,46516099928952;1,07147716494755;0,148362832968659
-1,3715639039791;-1,03919939600934;1,03231493308968;0,52076011049727;0,119814273054863;0,521118922581499;1,45643184398085;0,808330604624417;0,645437978162982;0,18204555986886;-1,60873170239962;0,328779038434681;1,01276174536095;-1,59703892897238;0,497955526360999;-0,0429863747513984;-0,260047029538803;0,79122457081077;-0,967180704429979;0,340324304803503;0,0697407417878624;-1,11951544832103;-1,12180191570446;1,67626906701465;-0,915753138085206;0,804762971816239;1,51109311378397;-0,532378953645774;1,57444368864915;-1,46549819769362;1,39346415255755;1,59722425695925;-0,752111077167748;0,673449999851781;0,172323242635446;0,86922978975599;0,0522717433686926;-0,469801964806418;0,431892110259902;-0,461665267467615;-1,10615267336012;-1,15869235339629;0,993148000544202;-1,13424985412881;-1,32040108709003;-1,20102650586825;-1,15106337428513;-0,471115242856838;-1,19149119709196;-0,474376122808557;0,303537112488811;0,731617345808262;1,19622012070935;-0,748833992819226;-1,45172844633759;1,4394799131324;-1,53845141943485;1,0475742348655;-0,1845406905475;1,0065796700291;0,701554177588006;0,367756858496646;0,925415284765745;0,489882236726622;0,480109776101786;-1,5144275905684;-0,540163823527547;-1,2817421936208;-0,077833802817353;1,32025410539548;1,59627025067038;-1,41129900386236
-1,23689322733984;1,22964202717007;-0,141398443249716;-0,361117103130638;-0,389850354731959;-1,58644214058428;1,42070163733999;-1,31152116182987;0,37186319475283;0,398447843317515;-0,934810860904666;0,465570935169926;-0,0435828369411867;-0,932055293648629;-1,19490147497113;1,73573803073237;0,542516074214067;0,462150690767705;0,827188717404822;0,736092959070483;1,45158794374941;1,1599385990502;0,566886249379372;0,25380977790293;-0,361075209225533;-1,09185438436081;0,1122808940234;-1,40346888569813;1,07310157254087;-1,46730313812568;1,34273808407388;-0,791997522827116;-0,347510549689771;0,129021939123129;0,40966380325964;-1,58870010113798;1,16037243381559;0,671797766433896;0,275920531388433;-1,5282922578213;1,40847864286124;-0,43890323216462;-0,922018331905044;-1,25597134830872;-0,259073832579518;-1,09751387446746;-1,02723844345625;-0,148613508829626;1,44240140713977;-0,506491092687342;-0,0605435079472683;1,23297738636311;-1,06126011198263;-0,692028151354507;-1,10016730279116;-0,657791540297261;-0,936229912796027;1,34383206494014;1,73899839218768;-0,896981660957869;0,0403172514851003;1,2251848324514;-0,64558244827796;0,240180642291783;0,794750045336415;1,59622694801523;-0,785904205727026;1,56643551002847;0,397321189184515;-1,20518706441988;-1,02362009366994;1,60975859387295
-1,57417103620841;0,795319530521643;1,13410911262818;0,287407335653759;0,496546959853882;0,21353062004769;-1,21736477603576;-0,973173744953617;1,79798101807706;-1,49261466693535;-1,24000606135166;-0,0521896730917959;0,331946390961276;-1,65769926021219;-1,48347402798317;-1,40127235681766;-0,434938223894179;-0,611601495692326;1,15586297264887;1,66816707455587;0,702849493523117;-0,49642103261602;0,155156432410323;-1,57737843441837;-1,5518343627929;0,599082013595788;-0,371458357222983;-0,157998808984106;1,52818773097848;-0,964529918760959;1,27223256786101;1,11439095922741;-1,21272750095963;0,0440767744438254;1,11236412229317;-0,116987676247529;-0,0524621408709724;0,348425873039442;0,622496944680452;0,601372752542701;0,876645342299067;1,06409775136788;-0,940206456128666;-0,271944754096131;0,769687276494774;1,18456966958781;1,76795993864957;0,717213005457067;1,418447607783;-1,26577557987669;0,337370370143178;-0,762999578206294;-0,634743716202053;-0,948720717674717;-0,753095185290238;0,790811539943168;-1,13742867795172;0,933895770983512;0,0616499223836216;1,76602648979365;-1,19260279879236;0,809195576483905;-0,63279993239654;0,984919160774978;-0,896285691260803;-0,485835477043513;-0,617053948195203;-1,48972215954559;-0,901501838969802;0,502075191799918;0,519751327588872;1,08519744660194
0,64434469239974;-1,16466187090286;-0,933826535462503;1,49437793416123;-1,27247276332244;-1,28872086219734;-0,439528801458981;-0,818689535069101;0,707860295851179;0,785970200150702;0,310945941949672;1,01626975891427;0,57831523366994;0,277372380486554;-0,00124629347842435;1,58907744561046;-0,928324009054962;-1,39151034881308;-0,710891382780916;0,885609102704599;-1,42537789397522;0,732546050641177;0,0424224092066846;-1,63897073228261;-0,0521177720594343;-0,0286185294335416;-1,09663710256445;-0,481954839499508;0,0498705496162165;1,46786659873696;-0,128256854919839;-0,81223953972331;0,107330967862421;1,11790456798624;0,485250911884286;-1,131679575548;-1,668284324506;-0,355136845020072;0,364421518268614;-1,49716499424979;-0,329178538774991;-0,799462510728153;-0,666189421543391;-0,0747476747475187;-1,20109372259438;0,240121977419962;-1,29733297275783;0,722421307008762;1,40076072704991;-0,317351336593148;1,35019409062904;-1,16461596839961;-0,478348431559487;1,4932053625614;0,804017093140918;1,75798154067;0,639098618801887;-0,999513115175254;-0,158161605774703;0,602328665022535;1,65409913927855;-1,66223127395484;0,977622814226114;1,08617659602565;-0,790430256924822;-0,581471830322382;-0,79571852094352;1,30659356459514;1,6383043675137;-0,574224029925793;1,5527044581211;1,27299573487654
-0,00340804473681619;-0,988879281075318;-0,570206160473409;1,10065738716237;-0,390482728063789;-1,64261671381074;1,28437742230057;1,42667009403882;-0,517517798293443;-0,0650848737010248;-0,127280131483384;-1,39830740062516;-1,64212582792703;-0,744537042055567;1,38597526704031;0,358150984638842;-1,45041697668897;0,4686963816014;-0,017913423164437;1,05878575359654;1,51974683596322;1,47975493780211;-1,36669622985212;-0,454657048028888;-0,024075709267685;7,59143368682301E-05;-1,05784917342462;1,10680634687309;-0,745043747073186;-0,831928349771834;0,817348874934181;0,172532877987875;-0,114911093811017;-1,68167048337259;0,486149768396645;-1,32716619159647;0,180437359299368;1,30550735061593;0,259409467726535;0,418355899089348;-0,64032446507859;0,0394125688500876;-0,742668540949989;-0,16748510814402;0,123834383449762;0,504796506259866;0,854675756303092;1,59287122835629;-0,333481425711438;0,485016383671774;0,878321954378798;-0,716698405155366;1,07748861772103;-1,39042186770232;1,3446263563345;0,229035517361885;-1,37927901484769;1,59664938745629;-0,632362867194437;1,32163985750016;1,12743095951469;-1,579524888197;0,414617877487516;-1,4426854121461;0,829764751265609;1,41238549042956;0,428802193086668;-1,71755130817893;0,481511689448604;0,956045495012293;-1,57938233828502;-1,04372582740409
-1,65764379081082;1,28497573944314;-0,105097910035406;-0,33308447818473;0,440247194763171;0,489913570528429;1,13676598254055;1,18847420128298;0,849033219890955;-1,02270523897963;-0,374816957412004;0,457765797197278;-0,0426407096063987;-0,27711011077359;0,796557304526427;-0,546531179993582;-1,41409370077898;-1,6078028901773;-1,82143501771412;0,263776778100667;0,143714047702802;0,63266128458636;1,00068469386378;-0,897000425623076;1,34861058962854;-1,1462537680092;0,700377539542343;0,39681231101987;-1,79654810079875;0,804777749732749;-0,717593293787119;0,395795414852604;0,275569488062918;0,12722547634058;-1,00964085745207;1,53281725466995;0,351079706188906;-0,186092231989147;1,4933722455134;-0,232319799824791;-1,39330932030847;-0,152518604322929;-1,39216417615812;0,277189057829914;0,423734367094137;1,66924914698185;0,234158630493974;-0,77860422875781;-1,24512217490344;-0,927026514545173;1,31917368417663;0,189173797702158;0,897317927261497;-0,214710817058149;0,46355992820911;-0,550692778053907;-1,59145078074326;-1,08383931073494;0,0579172295300022;-0,28924086355024;1,52914832832936;-1,13578815480193;1,10928047575912;-1,83148635616441;1,43450035215076;0,968999925078665;-1,69354551718825;1,56974611139629;-1,14321107964413;1,00335234719975;0,842001411160785;0,511610828553442
-1,35018631931362;0,0996548239693982;-0,25430795354933;-1,55916452260252;0,0982995398717606;-1,14948270647608;0,35699183679896;1,31593575972326;0,299769866173007;-0,425083583898913;-0,268836102143452;0,789638363184545;1,13015117948719;0,753925449127803;1,14249488141424;-1,37310161074106;1,30088572540856;1,1833174466474;1,1525018639103;-0,467333225648897;1,38941169450929;-0,133946172579137;-0,0656060479872209;1,37645597488062;0,413502441955013;-1,42196289296022;0,513690727474417;1,10055179009794;1,38121351486338;0,342750312263058;-1,49360380937944;-0,532572931161993;-0,0728547723244403;-1,0688747144732;-0,356281310742155;-1,1271172887389;-1,83942510476405;0,115792485830945;0,952398802714364;1,20224852354816;0,182498074573934;0,318329291311819;1,00162207537361;0,00345274012575121;0,758514778797663;-1,61386018912154;-1,30754386936318;-1,26630966079113;1,36536331324464;1,3279737215731;-1,68358931800366;-0,700756253707301;1,38829520729454;-0,613169571717016;0,679878211403753;0,407140421954879;-1,67794681708024;-0,0073833597405904;-0,349286395868176;-0,322945256204877;-0,039792865261134;0,879820615390383;1,55810281354923;1,58040012259931;-0,774687463556332;-1,57947086001832;-0,980714553527875;0,355818204923534;-0,733000929166902;0,426404481116273;-1,37688419501387;-0,658114449459249
-1,6850996487723;1,60131581464457;0,982302903611928;-0,818434883182842;0,481244516719539;1,58139453011717;-1,28586937284311;0,168008974212589;1,53460351179558;-0,0871557336405229;1,37946723159856;-1,86838296436939;0,166953705228091;0,834775533932269;-0,328825827324759;-1,36594431317394;-0,151281641777816;0,865129525865132;-1,35509792162332;-0,237197612475029;-1,44355337242304;-0,607730269917913;-0,64208339508676;0,933313662594611;0,373752330088954;1,05559736576183;-1,12061726117131;0,488429860284696;0,999514878616896;-0,0631973349258667;1,10250090487873;-0,954725984157843;0,866874268424889;0,594810535017456;-0,983017115380546;1,4614468377896;0,0158634312469085;-0,425498521623755;1,56941511095689;-1,68159135551369;-0,667003666512739;1,10236411583914;-0,237058412263647;-1,89914909350087;1,15878218381307;1,53037570855507;-0,481960335380962;-0,00322179611282094;0,330211153386414;-1,59096138243822;-1,42693348662869;0,00942565084818439;-0,150304451131874;0,447559727408585;-1,18057655121754;0,575262237785324;0,320097126960131;-1,87431284175388;0,460444403367911;1,07827876759742;0,778709708517284;-0,121667616488097;0,8211257122354;-0,325501236049758;0,462974978120453;0,410891132985206;-1,08262561615457;1,22477478685034;-0,105509433458386;-0,137641048474649;0,270823872218864;-1,64908520292526
1,1638470125783;-1,22777095463425;-1,13069067873426;-0,566688259986046;1,47733545820543;-0,353335555977187;1,61377938870186;0,738796542285803;-0,0897642616492765;0,775658027854185;-1,38589449172091;0,899636879767265;-0,253100008559288;-0,507433260236489;1,06975177581926;-1,14054929017276;0,13371804176098;0,361370504836335;-0,462070964920798;0,241582559238776;0,993148170059433;-1,07306014531161;-0,486236655195817;1,31320790088492;-1,27029597064704;-1,45146113763537;-0,39398219977142;-0,831794191509398;0,920803116681277;0,221870345037232;-1,43845151385253;-1,09493966862189;0,0761736275136752;-1,32581824757328;0,943366584718869;-0,175324953252372;0,28939273241956;1,55568665827479;1,16158057675933;-0,60773579653725;-1,27666756913948;1,79222805572203;-0,158862834293164;-1,30578264912436;0,00970789853519659;-1,38990424702861;-1,31462392049613;-0,319379361922832;1,41470885784773;-1,13862541427061;-0,244686505611406;1,63784147872615;-0,929125461353195;-1,24895475242448;-0,444395591733954;0,702338518748092;1,08411219916186;-0,618252081018883;-0,830960928480822;1,39422795669899;-1,49392199534758;0,911004941069449;1,64363992420482;1,51401189191378;0,679540902564904;1,53469167550127;-0,711105386888224;-0,461850400127816;0,374846653644935;-0,289491910070185;0,395704476007968;0,403677882086478
0,781901365854865;-1,65276497848222;-0,268624011349007;0,783041067050266;0,66695447859428;-0,973210472153146;-0,485182099093627;-1,67904090147808;1,45085909617336;1,51361742102466;-0,676567820188776;0,277110522815877;-1,32917139882171;-1,51334368922783;1,42163815140802;-0,463371634167766;0,700005060604811;-1,55659888975932;0,318808094475316;-0,884369956720401;0,607084405993203;1,35424231635456;-0,906009229467069;-0,617241992099496;-1,64981706758633;-0,0981101725269091;-0,413189476161457;0,0510258571212622;0,904334727551262;0,728895390533259;0,888777692309998;-0,0811078703421898;0,0416010597335722;0,935025425040257;-1,18209531472187;-1,33600697090886;0,345834639650799;0,105502232103619;1,37797718088364;0,0146254474424167;1,19840522704289;-1,21074007679543;1,29178695530187;-1,68343639251202;-0,456581836825008;-0,671457209620811;0,804105353149836;0,146781319089352;1,46265417010143;1,08295973273801;0,170936479716013;-0,117222922378857;0,725943006304024;-0,768418432951445;1,13667222017445;1,01650738285824;0,842092584342783;-1,45103816827432;0,633201985611784;-1,03459149790362;1,02882733736624;1,05264037714304;-0,994527295671406;-1,07769244338471;-1,17481642031015;0,993388383511347;-1,56414668594251;-0,675348490504031;1,25759995885197;0,957988973292068;0,779642059539369;-1,20515332052362
